<?xml version="1.0" encoding="UTF-8"?>
<addon
  id="resource.language.mt_mt"
  version="3.0.5"
  name="Maltese"
  provider-name="Team Kodi">
  <requires>
    <import addon="kodi.resource" version="1.0.0"/>
  </requires>
  <extension
    point="kodi.resource.language"
    locale="mt_MT">
    <charsets>
      <gui unicodefont="true">CP1252</gui>
      <subtitle>CP1252</subtitle>
    </charsets>
  </extension>
  <extension point="kodi.addon.metadata">
    <summary lang="en">Maltese language pack</summary>
    <description lang="en">Maltese version of all texts used in Kodi.</description>
    <platform>all</platform>
  </extension>
</addon>
