<?xml version="1.0" encoding="UTF-8"?>
<addon
  id="resource.language.nb_no"
  version="3.0.13"
  name="Norwegian"
  provider-name="Team Kodi">
  <requires>
    <import addon="kodi.resource" version="1.0.0"/>
  </requires>
  <extension
    point="kodi.resource.language"
    locale="nb_NO">
    <charsets>
      <gui unicodefont="false">CP1252</gui>
      <subtitle>CP1252</subtitle>
    </charsets>
    <sorttokens>
      <token>The</token>
    </sorttokens>
  </extension>
  <extension point="kodi.addon.metadata">
    <summary lang="en">Norwegian language pack</summary>
    <description lang="en">Norwegian version of all texts used in Kodi.</description>
    <platform>all</platform>
  </extension>
</addon>
