<?xml version="1.0" encoding="UTF-8"?>
<addon
  id="resource.language.lv_lv"
  version="9.0.11"
  name="Latvian"
  provider-name="Team Kodi">
  <requires>
    <import addon="kodi.resource" version="1.0.0"/>
  </requires>
  <extension
    point="kodi.resource.language"
    locale="lv_LV">
    <charsets>
      <gui unicodefont="true">CP1257</gui>
      <subtitle>CP1257</subtitle>
    </charsets>
  </extension>
  <extension point="kodi.addon.metadata">
    <summary lang="en">Latvian language pack</summary>
    <description lang="en">Latvian version of all texts used in Kodi.</description>
    <platform>all</platform>
    <assets>
      <icon>icon.png</icon>
    </assets>
  </extension>
</addon>
