<?xml version="1.0" encoding="UTF-8"?>
<addon
  id="resource.language.si_lk"
  version="3.0.2"
  name="Sinhala"
  provider-name="Team Kodi">
  <requires>
    <import addon="kodi.resource" version="1.0.0"/>
  </requires>
  <extension
    point="kodi.resource.language"
    locale="si_LK">
    <charsets>
      <gui unicodefont="true">utf-8</gui>                
      <subtitle>utf-8</subtitle>
    </charsets>
  </extension>
  <extension point="kodi.addon.metadata">
    <summary lang="en">Sinhala language pack</summary>
    <description lang="en">Sinhala version of all texts used in Kodi.</description>
    <platform>all</platform>
  </extension>
</addon>
