<?xml version="1.0" encoding="UTF-8"?>
<addon
  id="resource.language.ms_my"
  version="3.0.8"
  name="Malay"
  provider-name="Team Kodi">
  <requires>
    <import addon="kodi.resource" version="1.0.0"/>
  </requires>
  <extension
    point="kodi.resource.language"
    locale="ms_MY">
    <charsets>
      <gui>CP1252</gui>
      <subtitle>CP1252</subtitle>
    </charsets>
  </extension>
  <extension point="kodi.addon.metadata">
    <summary lang="en">Malay language pack</summary>
    <description lang="en">Malay version of all texts used in Kodi.</description>
    <platform>all</platform>
  </extension>
</addon>
